{"charErrorRates": [0.9293156281920327, 0.8572012257405516, 0.7914198161389172, 0.6273748723186925, 0.5068437180796731, 0.39427987742594484, 0.3170582226762002, 0.30153217568947904, 0.27374872318692545, 0.23881511746680287, 0.2275791624106231, 0.2020429009193054, 0.19080694586312563, 0.17936670071501531, 0.1722165474974464, 0.16220633299284984, 0.16363636363636364, 0.16731358529111337, 0.16057201225740553, 0.15689479060265576, 0.15178753830439223, 0.14279877425944842, 0.13891726251276812, 0.14279877425944842, 0.13993871297242083, 0.13646578140960164, 0.13810010214504598, 0.14688457609805924, 0.13748723186925435, 0.1317671092951992, 0.1452502553626149, 0.14157303370786517, 0.13094994892747702, 0.1289070480081716, 0.14341164453524005, 0.12665985699693566, 0.12768130745658834, 0.13217568947906028, 0.1219611848825332, 0.1274770173646578, 0.13707865168539327, 0.12808988764044943, 0.1274770173646578, 0.1289070480081716, 0.13115423901940756, 0.1317671092951992, 0.1299284984678243, 0.12093973442288049, 0.12114402451481103, 0.12522982635342186, 0.11971399387129725, 0.1268641470888662, 0.1274770173646578, 0.12093973442288049, 0.09417773237997958, 0.10847803881511747, 0.12032686414708886, 0.10949948927477017, 0.11746680286006128, 0.10949948927477017, 0.10704800817160368, 0.10868232890704801, 0.11419816138917263, 0.11583248212461696, 0.11828396322778345, 0.11746680286006128, 0.11787538304392237, 0.10439223697650664, 0.11378958120531155, 0.11297242083758938, 0.10806945863125639, 0.11399387129724209, 0.11501532175689479, 0.1076608784473953, 0.10194075587334014, 0.11338100102145046, 0.10868232890704801, 0.11052093973442288, 0.10888661899897854, 0.10377936670071501], "wordAccuracies": [0.0031620553359683794, 0.09723320158102766, 0.13043478260869565, 0.1826086956521739, 0.23557312252964427, 0.3841897233201581, 0.48379446640316204, 0.4956521739130435, 0.542292490118577, 0.5944664031620553, 0.6134387351778656, 0.6474308300395257, 0.666403162055336, 0.6766798418972332, 0.6893280632411067, 0.7075098814229249, 0.7027667984189724, 0.6948616600790514, 0.7185770750988142, 0.7154150197628458, 0.7233201581027668, 0.7343873517786561, 0.7438735177865613, 0.733596837944664, 0.7280632411067194, 0.733596837944664, 0.7343873517786561, 0.7288537549407115, 0.7454545454545455, 0.7375494071146245, 0.7328063241106719, 0.7375494071146245, 0.7438735177865613, 0.7446640316205534, 0.7280632411067194, 0.7596837944664032, 0.7525691699604743, 0.7478260869565218, 0.7707509881422925, 0.7541501976284585, 0.7486166007905138, 0.7557312252964427, 0.7517786561264822, 0.750197628458498, 0.7446640316205534, 0.7438735177865613, 0.7478260869565218, 0.7557312252964427, 0.7596837944664032, 0.766798418972332, 0.7660079051383399, 0.7628458498023716, 0.7557312252964427, 0.7675889328063241, 0.7968379446640316, 0.7723320158102767, 0.7802371541501977, 0.7865612648221344, 0.7849802371541502, 0.7960474308300395, 0.799209486166008, 0.7913043478260869, 0.7849802371541502, 0.782608695652174, 0.782608695652174, 0.7675889328063241, 0.783399209486166, 0.7897233201581028, 0.7905138339920948, 0.7960474308300395, 0.7936758893280632, 0.7889328063241107, 0.783399209486166, 0.7944664031620553, 0.8023715415019763, 0.7960474308300395, 0.7905138339920948, 0.7873517786561265, 0.7889328063241107, 0.8]}